{
  "camera_id": "cam2",
  "image_size": [
    640,
    480
  ],
  "camera_matrix": [
    [
      830.4605971281605,
      0.0,
      321.39520646100067
    ],
    [
      0.0,
      830.4605971281605,
      245.05257642403262
    ],
    [
      0.0,
      0.0,
      1.0
    ]
  ],
  "dist_coeffs": [
    0.1,
    -0.05,
    0.001,
    -0.001,
    0.0
  ],
  "rvec": [
    0.1,
    0.0,
    1.5707963267948966
  ],
  "tvec": [
    6.123233995736766e-15,
    100.0,
    0.0
  ],
  "rms_error": 0.44161451555920905
}