{
  "camera_id": "cam3",
  "image_size": [
    640,
    480
  ],
  "camera_matrix": [
    [
      790.610512281301,
      0.0,
      322.71280021792984
    ],
    [
      0.0,
      790.610512281301,
      237.68291153593768
    ],
    [
      0.0,
      0.0,
      1.0
    ]
  ],
  "dist_coeffs": [
    0.1,
    -0.05,
    0.001,
    -0.001,
    0.0
  ],
  "rvec": [
    2.7386726030464167e-14,
    0.09989875574627377,
    -3.138411971552547
  ],
  "tvec": [
    -100.0,
    1.2246467991473532e-14,
    0.0
  ],
  "rms_error": 0.36084844859190757
}