{
  "camera_id": "cam4",
  "image_size": [
    640,
    480
  ],
  "camera_matrix": [
    [
      790.6854049285948,
      0.0,
      306.937254936532
    ],
    [
      0.0,
      790.6854049285948,
      244.75184841198453
    ],
    [
      0.0,
      0.0,
      1.0
    ]
  ],
  "dist_coeffs": [
    0.1,
    -0.05,
    0.001,
    -0.001,
    0.0
  ],
  "rvec": [
    0.03330332237732211,
    5.4461168098272085e-18,
    -1.5693820938109153
  ],
  "tvec": [
    -1.8369701987210297e-14,
    -100.0,
    0.0
  ],
  "rms_error": 0.35824582803960836
}