{
  "pattern_type": "checkerboard",
  "pattern_size": [
    9,
    6
  ],
  "square_size": 5.0,
  "num_cameras": 4,
  "cameras": {
    "cam1": {
      "image_size": [
        640,
        480
      ],
      "rms_error": 0.3312037280884873,
      "focal_length": [
        809.9342830602246,
        809.9342830602246
      ],
      "principal_point": [
        319.3086784941441,
        243.23844269050346
      ]
    },
    "cam2": {
      "image_size": [
        640,
        480
      ],
      "rms_error": 0.44161451555920905,
      "focal_length": [
        830.4605971281605,
        830.4605971281605
      ],
      "principal_point": [
        321.39520646100067,
        245.05257642403262
      ]
    },
    "cam3": {
      "image_size": [
        640,
        480
      ],
      "rms_error": 0.36084844859190757,
      "focal_length": [
        790.610512281301,
        790.610512281301
      ],
      "principal_point": [
        322.71280021792984,
        237.68291153593768
      ]
    },
    "cam4": {
      "image_size": [
        640,
        480
      ],
      "rms_error": 0.35824582803960836,
      "focal_length": [
        790.6854049285948,
        790.6854049285948
      ],
      "principal_point": [
        306.937254936532,
        244.75184841198453
      ]
    }
  }
}