{
  "camera_id": "cam1",
  "image_size": [
    640,
    480
  ],
  "camera_matrix": [
    [
      809.9342830602246,
      0.0,
      319.3086784941441
    ],
    [
      0.0,
      809.9342830602246,
      243.23844269050346
    ],
    [
      0.0,
      0.0,
      1.0
    ]
  ],
  "dist_coeffs": [
    0.1,
    -0.05,
    0.001,
    -0.001,
    0.0
  ],
  "rvec": [
    0.0,
    0.10000000000000055,
    0.0
  ],
  "tvec": [
    100.0,
    0.0,
    0.0
  ],
  "rms_error": 0.3312037280884873
}